prompt_id,width,height,success,generation_time_seconds,peak_vram_mib,image_path,error
TT-01,1024,1024,True,152.398,17345,/workspace/qwen-image-2.1/results/1024/TT-01.png,
TT-02,1024,1024,True,71.932,17353,/workspace/qwen-image-2.1/results/1024/TT-02.png,
TT-03,1024,1024,True,82.426,17319,/workspace/qwen-image-2.1/results/1024/TT-03.png,
TT-04,1024,1024,True,74.894,17321,/workspace/qwen-image-2.1/results/1024/TT-04.png,
TT-05,1024,1024,True,74.065,17353,/workspace/qwen-image-2.1/results/1024/TT-05.png,
BA-01,1024,1024,True,67.921,17303,/workspace/qwen-image-2.1/results/1024/BA-01.png,
BA-02,1024,1024,True,74.352,17309,/workspace/qwen-image-2.1/results/1024/BA-02.png,
BA-03,1024,1024,True,70.606,17315,/workspace/qwen-image-2.1/results/1024/BA-03.png,
BA-04,1024,1024,True,64.277,17353,/workspace/qwen-image-2.1/results/1024/BA-04.png,
BA-05,1024,1024,True,70.909,17355,/workspace/qwen-image-2.1/results/1024/BA-05.png,
PO-01,1024,1024,True,65.615,17297,/workspace/qwen-image-2.1/results/1024/PO-01.png,
PO-02,1024,1024,True,82.356,17291,/workspace/qwen-image-2.1/results/1024/PO-02.png,
PO-03,1024,1024,True,79.613,17293,/workspace/qwen-image-2.1/results/1024/PO-03.png,
PO-04,1024,1024,True,65.185,17293,/workspace/qwen-image-2.1/results/1024/PO-04.png,
PO-05,1024,1024,True,64.6,17293,/workspace/qwen-image-2.1/results/1024/PO-05.png,
CC-01,1024,1024,True,66.451,17335,/workspace/qwen-image-2.1/results/1024/CC-01.png,
CC-02,1024,1024,True,69.249,17319,/workspace/qwen-image-2.1/results/1024/CC-02.png,
CC-03,1024,1024,True,67.297,17319,/workspace/qwen-image-2.1/results/1024/CC-03.png,
CC-04,1024,1024,True,68.92,17317,/workspace/qwen-image-2.1/results/1024/CC-04.png,
CC-05,1024,1024,True,68.784,17321,/workspace/qwen-image-2.1/results/1024/CC-05.png,
